<?xml version="1.0" encoding="UTF-8"?>
<!DOCTYPE hibernate-mapping PUBLIC 
    "-//Hibernate/Hibernate Mapping DTD 3.0//EN"
    "http://www.hibernate.org/dtd/hibernate-mapping-3.0.dtd">
<hibernate-mapping>
	<class name="HibernateExamplesxml.DemoHibernatexml.Pojo.Project"
		table="tblProject">
		<id name="projectId">
			<generator class="assigned" />
		</id>
		<property name="projectName" length="30"  column="pname" not-null="true" unique="true"/>
		<property name="startDate" />
		<property name="duration" />
	</class>
</hibernate-mapping>
