<?xml version="1.0" encoding="UTF-8"?>
<!DOCTYPE hibernate-configuration PUBLIC
	"-//Hibernate/Hibernate Configuration DTD 3.0//EN"
	"http://www.hibernate.org/dtd/hibernate-configuration-3.0.dtd">
<hibernate-configuration>
	<session-factory>
		<!-- connectionDetails -->
		<property name="connection.driver_class">oracle.jdbc.driver.OracleDriver</property>
		<property name="connection.url">jdbc:oracle:thin:@localhost:1521:orcl</property>
		<property name="connection.username">system</property>
		<property name="connection.password">Admin#123</property>
		<property name="dialect">org.hibernate.dialect.OracleDialect</property>
		<!-- Hibernate properties -->
		<property name="hbm2ddl.auto">update</property>
		<property name="show_sql">true</property>
		
		<!-- 		Mapping classes -->
		<mapping class="Examples.Demo.Pojo.Vendor" />
		<mapping class="Examples.Demo.Pojo.HDept" />
		<mapping class="Examples.Demo.Pojo.HEmp" />
		<mapping class="Examples.Demo.Pojo.HDept2" />
		<mapping class="Examples.Demo.Pojo.HEmp2" />
<mapping class="Examples.Demo.Pojo.Student" />
<mapping class="Examples.Demo.Pojo.Course" />
<mapping class="Examples.Demo.Pojo.Student2" />
<mapping class="Examples.Demo.Pojo.Course2" />
<mapping class="Examples.Demo.Pojo.HEmp3" />
<mapping class="Examples.Demo.Pojo.HSalary3" />
<mapping class="Examples.Demo.Pojo.HAddress3" />
<mapping class="Examples.Demo.Pojo.HEmp4" />
<mapping class="Examples.Demo.Pojo.HDept4" />
<mapping class="Examples.Demo.Pojo.Emp_Dept" />





	</session-factory>
</hibernate-configuration>