{
    "Questions":[
        {
            "id":1,
            "question":"Which type of JavaScript language is ___",
            "options":[
                "Object-Oriented",
                "Object-Based",
                "Assembly-language",
                "High-level"
            ],
            "answer":"2"
        },{
            "id":2,
            "question":"Which one of the following also known as Conditional Expression:",
            "options":[
                "Alternative to if-else",
                "Switch statement ",
                "If-then-else statement",
                "immediate if"
            ],
            "answer":"4"
        },{
            "id":3,
            "question":"In JavaScript, what is a block of statement?",
            "options":[
                "Conditional block",
                "block that combines a number of statements into a single compound statement ",
                "both conditional block and a single statement",
                "block that contains a single statement"
            ],
            "answer":"2"
        },{
            "id":4,
            "question":"When interpreter encounters an empty statements, what it will do:",
            "options":[
                "Shows a warning",
                "Prompts to complete the statement ",
                "Throws an error",
                "Ignores the statements"
            ],
            "answer":"4"
        },{
            "id":5,
            "question":"The 'function' and ' var' are known as:",
            "options":[
                "Keywords",
                "Data types ",
                "Declaration statements",
                "Prototypes"
            ],
            "answer":"3"
        }
        
    ],
    "answers":{
        "1":2,
        "2":4,
        "3":2,
        "4":4,
        "5":3
    }
}