{
  "result": [
    {
      "myAnswers": {
        "1": "2",
        "2": "3",
        "3": "0"
      },
      "id": 1
    },
    {
      "myAnswers": {
        "1": "2",
        "2": "3",
        "3": "1"
      },
      "id": 2
    },
    {
      "myAnswers": [],
      "id": 3
    },
    {
      "myAnswers": {
        "1": "2",
        "2": "3",
        "3": "0",
        "4": "1",
        "5": "0",
        "6": "0"
      },
      "id": 4
    },
    {
      "myAnswers": [],
      "id": 5
    },
    {
      "myAnswers": {
        "1": "2",
        "2": "3",
        "3": "0",
        "4": "1",
        "5": "0",
        "6": "0",
        "7": "0",
        "8": "0",
        "9": "0"
      },
      "id": 6
    },
    {
      "myAnswers": {
        "1": "2",
        "2": "0",
        "3": "0"
      },
      "id": 7
    },
    {
      "myAnswers": [],
      "id": 8
    },
    {
      "myAnswers": {
        "1": "0"
      },
      "id": 9
    },
    {
      "myAnswers": {
        "1": "2"
      },
      "id": 10
    },
    {
      "myAnswers": {
        "1": "2"
      },
      "id": 11
    },
    {
      "myAnswers": {
        "1": "2"
      },
      "id": 12
    },
    {
      "myAnswers": {
        "1": "2"
      },
      "id": 13
    },
    {
      "myAnswers": {
        "1": "3"
      },
      "id": 14
    },
    {
      "myAnswers": {
        "1": "2",
        "2": "3"
      },
      "id": 15
    },
    {
      "myAnswers": {
        "1": "2",
        "2": "3",
        "3": "0",
        "4": "1",
        "5": "0",
        "6": "0",
        "7": "0",
        "8": "0",
        "9": "0"
      },
      "id": 16
    },
    {
      "myAnswers": [],
      "id": 17
    },
    {
      "myAnswers": [],
      "id": 18
    },
    {
      "myAnswers": [],
      "id": 19
    },
    {
      "myAnswers": [],
      "id": 20
    },
    {
      "myAnswers": [],
      "id": 21
    },
    {
      "myAnswers": [],
      "id": 22
    },
    {
      "myAnswers": [],
      "id": 23
    },
    {
      "myAnswers": [],
      "id": 24
    },
    {
      "myAnswers": [],
      "id": 25
    },
    {
      "myAnswers": {
        "1": "1"
      },
      "id": 26
    },
    {
      "myAnswers": [],
      "id": 27
    },
    {
      "myAnswers": [],
      "id": 28
    },
    {
      "myAnswers": [],
      "id": 29
    },
    {
      "myAnswers": {
        "1": "1",
        "2": "3",
        "4": "1"
      },
      "id": 30
    },
    {
      "myAnswers": {
        "1": "2",
        "4": "1",
        "6": "3",
        "9": "0"
      },
      "id": 31
    },
    {
      "myAnswers": {
        "1": "2",
        "2": "3",
        "3": "0",
        "4": "1",
        "5": "0",
        "6": "2",
        "7": "0",
        "8": "0",
        "9": "0"
      },
      "id": 32
    },
    {
      "myAnswers": {
        "1": "1",
        "2": "0",
        "3": "2",
        "4": "1",
        "5": "0",
        "6": "2",
        "7": "2",
        "8": "2",
        "9": "2"
      },
      "id": 33
    },
    {
      "myAnswers": [],
      "id": 34
    }
  ]
}