{
  "hash": "9272c663",
  "configHash": "efe42d11",
  "lockfileHash": "ae57bfd5",
  "browserHash": "18e9f9b8",
  "optimized": {
    "@angular/common": {
      "src": "../../../../../../node_modules/@angular/common/fesm2022/common.mjs",
      "file": "@angular_common.js",
      "fileHash": "2b983fd3",
      "needsInterop": false
    },
    "@angular/common/http": {
      "src": "../../../../../../node_modules/@angular/common/fesm2022/http.mjs",
      "file": "@angular_common_http.js",
      "fileHash": "1365fd84",
      "needsInterop": false
    },
    "@angular/core": {
      "src": "../../../../../../node_modules/@angular/core/fesm2022/core.mjs",
      "file": "@angular_core.js",
      "fileHash": "186537ec",
      "needsInterop": false
    },
    "@angular/forms": {
      "src": "../../../../../../node_modules/@angular/forms/fesm2022/forms.mjs",
      "file": "@angular_forms.js",
      "fileHash": "14b46ae4",
      "needsInterop": false
    },
    "@angular/platform-browser": {
      "src": "../../../../../../node_modules/@angular/platform-browser/fesm2022/platform-browser.mjs",
      "file": "@angular_platform-browser.js",
      "fileHash": "3120f4f8",
      "needsInterop": false
    },
    "@angular/platform-server": {
      "src": "../../../../../../node_modules/@angular/platform-server/fesm2022/platform-server.mjs",
      "file": "@angular_platform-server.js",
      "fileHash": "f2ed52f0",
      "needsInterop": false
    },
    "@angular/router": {
      "src": "../../../../../../node_modules/@angular/router/fesm2022/router.mjs",
      "file": "@angular_router.js",
      "fileHash": "fde1bd38",
      "needsInterop": false
    },
    "@angular/ssr": {
      "src": "../../../../../../node_modules/@angular/ssr/fesm2022/ssr.mjs",
      "file": "@angular_ssr.js",
      "fileHash": "d7b2a066",
      "needsInterop": false
    },
    "@angular/ssr/node": {
      "src": "../../../../../../node_modules/@angular/ssr/fesm2022/node.mjs",
      "file": "@angular_ssr_node.js",
      "fileHash": "4420448e",
      "needsInterop": false
    },
    "express": {
      "src": "../../../../../../node_modules/express/index.js",
      "file": "express.js",
      "fileHash": "778610db",
      "needsInterop": true
    }
  },
  "chunks": {
    "xhr2-TXIMV6CV": {
      "file": "xhr2-TXIMV6CV.js"
    },
    "chunk-HZRXME6W": {
      "file": "chunk-HZRXME6W.js"
    },
    "chunk-WGHIGEYG": {
      "file": "chunk-WGHIGEYG.js"
    },
    "chunk-7K2GJIEI": {
      "file": "chunk-7K2GJIEI.js"
    },
    "chunk-FZHFUH5J": {
      "file": "chunk-FZHFUH5J.js"
    },
    "chunk-RSDZCMNU": {
      "file": "chunk-RSDZCMNU.js"
    },
    "chunk-YAGPW5AS": {
      "file": "chunk-YAGPW5AS.js"
    },
    "chunk-53Z7NWHP": {
      "file": "chunk-53Z7NWHP.js"
    },
    "chunk-YHCV7DAQ": {
      "file": "chunk-YHCV7DAQ.js"
    }
  }
}