{
  "participants": [
    {
      "name": "Rohith",
      "email": "rohith@gmail.com",
      "phone": 7654321234,
      "topic": "Java",
      "timepreference": "Morning",
      "transport": true,
      "id": "9e3d"
    },
    {
      "name": "Preetham",
      "email": "Preetham@gmail.com",
      "phone": 7654321235,
      "topic": "Java",
      "timepreference": "Evening",
      "transport": false,
      "id": "2a05"
    },
    {
      "id": "5947",
      "name": "Mohan",
      "email": "mohan@gmail.com",
      "phone": "9777234567",
      "topic": "Java",
      "timepreference": "Morning",
      "transport": true
    },
    {
      "id": "9899",
      "name": "Mohan",
      "email": "mohan@gmail.com",
      "phone": "9777234567",
      "topic": "Java",
      "timepreference": "Morning",
      "transport": true
    },
    {
      "id": "db57",
      "name": "Mohan",
      "email": "mohan@gmail.com",
      "phone": "9777234567",
      "topic": "Java",
      "timepreference": "Morning",
      "transport": true
    },
    {
      "id": "4a44",
      "name": "Mohan",
      "email": "mohan@gmail.com",
      "phone": "9777234567",
      "topic": "Java",
      "timepreference": "Morning",
      "transport": true
    },
    {
      "id": "b7a6",
      "name": "Mohan",
      "email": "mohan@gmail.com",
      "phone": "9777234567",
      "topic": "Java",
      "timepreference": "Morning",
      "transport": true
    },
    {
      "id": "a6a9",
      "name": "Mohan",
      "email": "mohan@gmail.com",
      "phone": "9777234567",
      "topic": "Java",
      "timepreference": "Morning",
      "transport": true
    },
    {
      "id": "8c55",
      "name": "Mohan",
      "email": "mohan@gmail.com",
      "phone": "9777234567",
      "topic": "Java",
      "timepreference": "Morning",
      "transport": true
    },
    {
      "id": "d3d6",
      "name": "Mohan",
      "email": "mohan@gmail.com",
      "phone": "9777234567",
      "topic": "Java",
      "timepreference": "Morning",
      "transport": true
    },
    {
      "id": "c891",
      "name": "mmmm",
      "email": "sss",
      "phone": "7333355555",
      "topic": "Java",
      "transport": true
    },
    {
      "id": "904b",
      "name": "mmmm",
      "email": "sss",
      "phone": "7333355555",
      "topic": "Java",
      "transport": true
    },
    {
      "id": "8334",
      "name": "mmmm",
      "email": "sss",
      "phone": "7333355555",
      "topic": "Java",
      "transport": true
    },
    {
      "id": "2326",
      "name": "mmmm",
      "email": "sss",
      "phone": "7333355555",
      "topic": "Java",
      "transport": true
    },
    {
      "id": "fea4",
      "name": "mmmm",
      "email": "sss",
      "phone": "7333355555",
      "topic": "Java",
      "transport": true
    },
    {
      "id": "7161",
      "name": "mmmm",
      "email": "sss",
      "phone": "7333355555",
      "topic": "Java",
      "transport": true
    },
    {
      "id": "fe7e",
      "name": "mmmm",
      "email": "sss",
      "phone": "7333355555",
      "topic": "Java",
      "transport": true
    },
    {
      "id": "cf46",
      "name": "mmmm",
      "email": "sss",
      "phone": "7333355555",
      "topic": "Java",
      "transport": true
    },
    {
      "id": "4aaf",
      "name": "abc",
      "email": "sss",
      "phone": "7333355555",
      "topic": "Java",
      "transport": true,
      "timepreference": "Evening"
    }
  ]
}